PassengerId,Survived,Pclass,Sex,Age,SibSp,Parch,Cabin,Embarked,Title,Fare_interval
1,0,3,0,22.0,1,0,,2,0.0,0
2,1,1,1,38.0,1,0,C85,1,3.0,8
3,1,3,1,26.0,0,0,,2,2.0,2
4,1,1,1,35.0,1,0,C123,2,3.0,8
5,0,3,0,35.0,0,0,,2,0.0,2
6,0,3,0,,0,0,,3,0.0,3
7,0,1,0,54.0,0,0,E46,2,0.0,8
8,0,3,0,2.0,3,1,,2,1.0,5
9,1,3,1,27.0,0,2,,2,3.0,4
10,1,2,1,14.0,1,0,,1,3.0,7
11,1,3,1,4.0,1,1,G6,2,2.0,5
12,1,1,1,58.0,0,0,C103,2,2.0,6
13,0,3,0,20.0,0,0,,2,0.0,2
14,0,3,0,39.0,1,5,,2,0.0,7
15,0,3,1,14.0,0,0,,2,2.0,1
16,1,2,1,55.0,0,0,,2,3.0,5
17,0,3,0,2.0,4,1,,3,1.0,7
18,1,2,0,,0,0,,2,0.0,4
19,0,3,1,31.0,1,0,,2,3.0,5
20,1,3,1,,0,0,,1,3.0,0
21,0,2,0,35.0,0,0,,2,0.0,6
22,1,2,0,34.0,0,0,D56,2,0.0,4
23,1,3,1,15.0,0,0,,3,2.0,2
24,1,1,0,28.0,0,0,A6,2,0.0,7
25,0,3,1,8.0,3,1,,2,2.0,5
26,1,3,1,38.0,1,5,,2,3.0,7
27,0,3,0,,0,0,,1,0.0,0
28,0,1,0,19.0,3,2,C23 C25 C27,2,0.0,9
29,1,3,1,,0,0,,3,2.0,2
30,0,3,0,,0,0,,2,0.0,2
31,0,1,0,40.0,0,0,,1,4.0,7
32,1,1,1,,1,0,B78,1,3.0,9
33,1,3,1,,0,0,,3,2.0,1
34,0,2,0,66.0,0,0,,2,0.0,3
35,0,1,0,28.0,1,0,,1,0.0,9
36,0,1,0,42.0,1,0,,2,0.0,8
37,1,3,0,,0,0,,1,0.0,0
38,0,3,0,21.0,0,0,,2,0.0,2
39,0,3,1,18.0,2,0,,2,2.0,5
40,1,3,1,14.0,1,0,,1,2.0,4
41,0,3,1,40.0,1,0,,2,3.0,3
42,0,2,1,27.0,1,0,,2,3.0,5
43,0,3,0,,0,0,,1,0.0,2
44,1,2,1,3.0,1,2,,1,2.0,8
45,1,3,1,19.0,0,0,,3,2.0,2
46,0,3,0,,0,0,,2,0.0,2
47,0,3,0,,1,0,,3,0.0,5
48,1,3,1,,0,0,,3,2.0,1
49,0,3,0,,2,0,,1,0.0,5
50,0,3,1,18.0,1,0,,2,3.0,5
51,0,3,0,7.0,4,1,,2,1.0,7
52,0,3,0,21.0,0,0,,2,0.0,1
53,1,1,1,49.0,1,0,D33,1,3.0,8
54,1,2,1,29.0,1,0,,2,3.0,6
55,0,1,0,65.0,0,1,B30,1,0.0,8
56,1,1,0,,0,0,C52,2,0.0,7
57,1,2,1,21.0,0,0,,2,2.0,3
58,0,3,0,28.5,0,0,,1,0.0,0
59,1,2,1,5.0,1,2,,2,2.0,7
60,0,3,0,11.0,5,2,,2,1.0,8
61,0,3,0,22.0,0,0,,1,0.0,0
62,1,1,1,38.0,0,0,B28,2,2.0,9
63,0,1,0,45.0,1,0,C83,2,0.0,9
64,0,3,0,4.0,3,2,,2,1.0,7
65,0,1,0,,0,0,,1,0.0,7
66,1,3,0,,1,1,,1,1.0,5
67,1,2,1,29.0,0,0,F33,2,3.0,3
68,0,3,0,19.0,0,0,,2,0.0,3
69,1,3,1,17.0,4,2,,2,2.0,2
70,0,3,0,26.0,2,0,,2,0.0,3
71,0,2,0,32.0,0,0,,2,0.0,3
72,0,3,1,16.0,5,2,,2,2.0,8
73,0,2,0,21.0,0,0,,2,0.0,8
74,0,3,0,26.0,1,0,,1,0.0,4
75,1,3,0,32.0,0,0,,2,0.0,8
76,0,3,0,25.0,0,0,F G73,2,0.0,1
77,0,3,0,,0,0,,2,0.0,2
78,0,3,0,,0,0,,2,0.0,2
79,1,2,0,0.83,0,2,,2,1.0,7
80,1,3,1,30.0,0,0,,2,2.0,4
81,0,3,0,22.0,0,0,,2,0.0,3
82,1,3,0,29.0,0,0,,2,0.0,3
83,1,3,1,,0,0,,3,2.0,1
84,0,1,0,28.0,0,0,,2,0.0,8
85,1,2,1,17.0,0,0,,2,2.0,3
86,1,3,1,33.0,3,0,,2,3.0,5
87,0,3,0,16.0,1,3,,2,0.0,7
88,0,3,0,,0,0,,2,0.0,2
89,1,1,1,23.0,3,2,C23 C25 C27,2,2.0,9
90,0,3,0,24.0,0,0,,2,0.0,2
91,0,3,0,29.0,0,0,,2,0.0,2
92,0,3,0,20.0,0,0,,2,0.0,1
93,0,1,0,46.0,1,0,E31,2,0.0,8
94,0,3,0,26.0,1,2,,2,0.0,5
95,0,3,0,59.0,0,0,,2,0.0,0
96,0,3,0,,0,0,,2,0.0,2
97,0,1,0,71.0,0,0,A5,1,0.0,7
98,1,1,0,23.0,0,1,D10 D12,1,0.0,8
99,1,2,1,34.0,0,1,,2,3.0,6
100,0,2,0,34.0,1,0,,2,0.0,6
101,0,3,1,28.0,0,0,,2,2.0,2
102,0,3,0,,0,0,,2,0.0,2
103,0,1,0,21.0,0,1,D26,2,0.0,8
104,0,3,0,33.0,0,0,,2,0.0,3
105,0,3,0,37.0,2,0,,2,0.0,2
106,0,3,0,28.0,0,0,,2,0.0,2
107,1,3,1,21.0,0,0,,2,2.0,1
108,1,3,0,,0,0,,2,0.0,1
109,0,3,0,38.0,0,0,,2,0.0,2
110,1,3,1,,1,0,,3,2.0,6
111,0,1,0,47.0,0,0,C110,2,0.0,8
112,0,3,1,14.5,1,0,,1,2.0,4
113,0,3,0,22.0,0,0,,2,0.0,2
114,0,3,1,20.0,1,0,,2,2.0,3
115,0,3,1,17.0,0,0,,1,2.0,5
116,0,3,0,21.0,0,0,,2,0.0,2
117,0,3,0,70.5,0,0,,3,0.0,1
118,0,2,0,29.0,1,0,,2,0.0,5
119,0,1,0,24.0,0,1,B58 B60,1,0.0,9
120,0,3,1,2.0,4,2,,2,2.0,7
121,0,2,0,21.0,2,0,,2,0.0,8
122,0,3,0,,0,0,,2,0.0,2
123,0,2,0,32.5,1,0,,1,0.0,7
124,1,2,1,32.5,0,0,E101,2,2.0,4
125,0,1,0,54.0,0,1,D26,2,0.0,8
126,1,3,0,12.0,1,0,,1,1.0,4
127,0,3,0,,0,0,,3,0.0,1
128,1,3,0,24.0,0,0,,2,0.0,0
129,1,3,1,,1,1,F E69,1,2.0,6
130,0,3,0,45.0,0,0,,2,0.0,0
131,0,3,0,33.0,0,0,,1,0.0,2
132,0,3,0,20.0,0,0,,2,0.0,0
133,0,3,1,47.0,1,0,,2,3.0,5
134,1,2,1,29.0,1,0,,2,3.0,6
135,0,2,0,25.0,0,0,,2,0.0,4
136,0,2,0,23.0,0,0,,1,0.0,5
137,1,1,1,19.0,0,2,D47,2,2.0,6
138,0,1,0,37.0,1,0,C123,2,0.0,8
139,0,3,0,16.0,0,0,,2,0.0,3
140,0,1,0,24.0,0,0,B86,1,0.0,9
141,0,3,1,,0,2,,1,3.0,5
142,1,3,1,22.0,0,0,,2,2.0,1
143,1,3,1,24.0,1,0,,2,3.0,5
144,0,3,0,19.0,0,0,,3,0.0,0
145,0,2,0,18.0,0,0,,2,0.0,4
146,0,2,0,19.0,1,1,,2,0.0,7
147,1,3,0,27.0,0,0,,2,0.0,1
148,0,3,1,9.0,2,2,,2,2.0,7
149,0,2,0,36.5,0,2,F2,2,0.0,6
150,0,2,0,42.0,0,0,,2,4.0,4
151,0,2,0,51.0,0,0,,2,4.0,4
152,1,1,1,22.0,1,0,C2,2,3.0,8
153,0,3,0,55.5,0,0,,2,0.0,2
154,0,3,0,40.5,0,2,,2,0.0,5
155,0,3,0,,0,0,,2,0.0,0
156,0,1,0,51.0,0,1,,1,0.0,8
157,1,3,1,16.0,0,0,,3,2.0,1
158,0,3,0,30.0,0,0,,2,0.0,2
159,0,3,0,,0,0,,2,0.0,3
160,0,3,0,,5,2,,2,1.0,8
161,0,3,0,44.0,0,1,,2,0.0,5
162,1,2,1,40.0,0,0,,2,3.0,5
163,0,3,0,26.0,0,0,,2,0.0,1
164,0,3,0,17.0,0,0,,2,0.0,3
165,0,3,0,1.0,4,1,,2,1.0,7
166,1,3,0,9.0,0,2,,2,1.0,5
167,1,1,1,,0,1,E33,2,3.0,8
168,0,3,1,45.0,1,4,,2,3.0,7
169,0,1,0,,0,0,,2,0.0,6
170,0,3,0,28.0,0,0,,2,0.0,8
171,0,1,0,61.0,0,0,B19,2,0.0,7
172,0,3,0,4.0,4,1,,3,1.0,7
173,1,3,1,1.0,1,1,,2,2.0,4
174,0,3,0,21.0,0,0,,2,0.0,2
175,0,1,0,56.0,0,0,A7,1,0.0,7
176,0,3,0,18.0,1,1,,2,0.0,1
177,0,3,0,,3,1,,2,1.0,6
178,0,1,1,50.0,0,0,C49,1,2.0,7
179,0,2,0,30.0,0,0,,2,0.0,4
180,0,3,0,36.0,0,0,,2,0.0,0
181,0,3,1,,5,2,,2,2.0,8
182,0,2,0,,0,0,,1,0.0,5
183,0,3,0,9.0,4,2,,2,1.0,7
184,1,2,0,1.0,2,1,F4,2,1.0,7
185,1,3,1,4.0,0,2,,2,2.0,6
186,0,1,0,,0,0,A32,2,0.0,8
187,1,3,1,,1,0,,3,3.0,5
188,1,1,0,45.0,0,0,,2,0.0,6
189,0,3,0,40.0,1,1,,3,0.0,5
190,0,3,0,36.0,0,0,,2,0.0,2
191,1,2,1,32.0,0,0,,2,3.0,4
192,0,2,0,19.0,0,0,,2,0.0,4
193,1,3,1,19.0,1,0,,2,2.0,1
194,1,2,0,3.0,1,1,F2,2,1.0,6
195,1,1,1,44.0,0,0,B4,1,3.0,7
196,1,1,1,58.0,0,0,B80,1,2.0,9
197,0,3,0,,0,0,,3,0.0,1
198,0,3,0,42.0,0,1,,2,0.0,3
199,1,3,1,,0,0,,3,2.0,1
200,0,2,1,24.0,0,0,,2,2.0,4
201,0,3,0,28.0,0,0,,2,0.0,3
202,0,3,0,,5,2,,2,0.0,8
203,0,3,0,34.0,0,0,,2,0.0,0
204,0,3,0,45.5,0,0,,1,0.0,0
205,1,3,0,18.0,0,0,,2,0.0,2
206,0,3,1,2.0,0,1,G6,2,2.0,3
207,0,3,0,32.0,1,0,,2,0.0,5
208,1,3,0,26.0,0,0,,1,0.0,5
209,1,3,1,16.0,0,0,,3,2.0,1
210,1,1,0,40.0,0,0,A31,1,0.0,7
211,0,3,0,24.0,0,0,,2,0.0,0
212,1,2,1,35.0,0,0,,2,2.0,5
213,0,3,0,22.0,0,0,,2,0.0,0
214,0,2,0,30.0,0,0,,2,0.0,4
215,0,3,0,,1,0,,3,0.0,1
216,1,1,1,31.0,1,0,D36,1,2.0,9
217,1,3,1,27.0,0,0,,2,2.0,2
218,0,2,0,42.0,1,0,,2,0.0,6
219,1,1,1,32.0,0,0,D15,1,2.0,8
220,0,2,0,30.0,0,0,,2,0.0,3
221,1,3,0,16.0,0,0,,2,0.0,2
222,0,2,0,27.0,0,0,,2,0.0,4
223,0,3,0,51.0,0,0,,2,0.0,2
224,0,3,0,,0,0,,2,0.0,2
225,1,1,0,38.0,1,0,C93,2,0.0,9
226,0,3,0,22.0,0,0,,2,0.0,3
227,1,2,0,19.0,0,0,,2,0.0,3
228,0,3,0,20.5,0,0,,2,0.0,0
229,0,2,0,18.0,0,0,,2,0.0,4
230,0,3,1,,3,1,,2,2.0,6
231,1,1,1,35.0,1,0,C83,2,3.0,9
232,0,3,0,29.0,0,0,,2,0.0,1
233,0,2,0,59.0,0,0,,2,0.0,4
234,1,3,1,5.0,4,2,,2,2.0,7
235,0,2,0,24.0,0,0,,2,0.0,3
236,0,3,1,,0,0,,2,2.0,0
237,0,2,0,44.0,1,0,,2,0.0,6
238,1,2,1,8.0,0,2,,2,2.0,6
239,0,2,0,19.0,0,0,,2,0.0,3
240,0,2,0,33.0,0,0,,2,0.0,4
241,0,3,1,,1,0,,1,2.0,4
242,1,3,1,,1,0,,3,2.0,5
243,0,2,0,29.0,0,0,,2,0.0,3
244,0,3,0,22.0,0,0,,2,0.0,0
245,0,3,0,30.0,0,0,,1,0.0,0
246,0,1,0,44.0,2,0,C78,3,1.0,9
247,0,3,1,25.0,0,0,,2,2.0,1
248,1,2,1,24.0,0,2,,2,3.0,5
249,1,1,0,37.0,1,1,D35,2,0.0,8
250,0,2,0,54.0,1,0,,2,4.0,6
251,0,3,0,,0,0,,2,0.0,0
252,0,3,1,29.0,1,1,G6,2,3.0,3
253,0,1,0,62.0,0,0,C87,2,0.0,6
254,0,3,0,30.0,1,0,,2,0.0,5
255,0,3,1,41.0,0,2,,2,3.0,5
256,1,3,1,29.0,0,2,,1,3.0,5
257,1,1,1,,0,0,,1,3.0,9
258,1,1,1,30.0,0,0,B77,2,2.0,9
259,1,1,1,35.0,0,0,,1,2.0,9
260,1,2,1,50.0,0,1,,2,3.0,6
261,0,3,0,,0,0,,3,0.0,1
262,1,3,0,3.0,4,2,,2,1.0,7
263,0,1,0,52.0,1,1,E67,2,0.0,9
264,0,1,0,40.0,0,0,B94,2,0.0,0
265,0,3,1,,0,0,,3,2.0,1
266,0,2,0,36.0,0,0,,2,0.0,3
267,0,3,0,16.0,4,1,,2,0.0,7
268,1,3,0,25.0,1,0,,2,0.0,1
269,1,1,1,58.0,0,1,C125,2,3.0,9
270,1,1,1,35.0,0,0,C99,2,2.0,9
271,0,1,0,,0,0,,2,0.0,7
272,1,3,0,25.0,0,0,,2,0.0,0
273,1,2,1,41.0,0,1,,2,3.0,5
274,0,1,0,37.0,0,1,C118,1,0.0,7
275,1,3,1,,0,0,,3,2.0,1
276,1,1,1,63.0,1,0,D7,2,2.0,8
277,0,3,1,45.0,0,0,,2,2.0,1
278,0,2,0,,0,0,,2,0.0,0
279,0,3,0,7.0,4,1,,3,1.0,7
280,1,3,1,35.0,1,1,,2,3.0,5
281,0,3,0,65.0,0,0,,3,0.0,1
282,0,3,0,28.0,0,0,,2,0.0,1
283,0,3,0,16.0,0,0,,2,0.0,3
284,1,3,0,19.0,0,0,,2,0.0,2
285,0,1,0,,0,0,A19,2,0.0,6
286,0,3,0,33.0,0,0,,1,0.0,3
287,1,3,0,30.0,0,0,,2,0.0,3
288,0,3,0,22.0,0,0,,2,0.0,2
289,1,2,0,42.0,0,0,,2,0.0,4
290,1,3,1,22.0,0,0,,3,2.0,1
291,1,1,1,26.0,0,0,,2,2.0,9
292,1,1,1,19.0,1,0,B49,1,3.0,9
293,0,2,0,36.0,0,0,D,1,0.0,4
294,0,3,1,24.0,0,0,,2,2.0,3
295,0,3,0,24.0,0,0,,2,0.0,2
296,0,1,0,,0,0,,1,0.0,7
297,0,3,0,23.5,0,0,,1,0.0,0
298,0,1,1,2.0,1,2,C22 C26,2,2.0,9
299,1,1,0,,0,0,C106,2,0.0,7
300,1,1,1,50.0,0,1,B58 B60,1,3.0,9
301,1,3,1,,0,0,,3,2.0,1
302,1,3,0,,2,0,,3,0.0,6
303,0,3,0,19.0,0,0,,2,0.0,0
304,1,2,1,,0,0,E101,3,2.0,4
305,0,3,0,,0,0,,2,0.0,2
306,1,1,0,0.92,1,2,C22 C26,2,1.0,9
307,1,1,1,,0,0,,1,2.0,9
308,1,1,1,17.0,1,0,C65,1,3.0,9
309,0,2,0,30.0,1,0,,1,0.0,6
310,1,1,1,30.0,0,0,E36,1,2.0,8
311,1,1,1,24.0,0,0,C54,1,2.0,9
312,1,1,1,18.0,2,2,B57 B59 B63 B66,1,2.0,9
313,0,2,1,26.0,1,1,,2,3.0,6
314,0,3,0,28.0,0,0,,2,0.0,2
315,0,2,0,43.0,1,1,,2,0.0,6
316,1,3,1,26.0,0,0,,2,2.0,1
317,1,2,1,24.0,1,0,,2,3.0,6
318,0,2,0,54.0,0,0,,2,1.0,4
319,1,1,1,31.0,0,2,C7,2,2.0,9
320,1,1,1,40.0,1,1,E34,1,3.0,9
321,0,3,0,22.0,0,0,,2,0.0,0
322,0,3,0,27.0,0,0,,2,0.0,2
323,1,2,1,30.0,0,0,,3,2.0,4
324,1,2,1,22.0,1,1,,2,3.0,7
325,0,3,0,,5,2,,2,0.0,8
326,1,1,1,36.0,0,0,C32,1,2.0,9
327,0,3,0,61.0,0,0,,2,0.0,0
328,1,2,1,36.0,0,0,D,2,3.0,4
329,1,3,1,31.0,1,1,,2,3.0,5
330,1,1,1,16.0,0,1,B18,1,2.0,8
331,1,3,1,,2,0,,3,2.0,6
332,0,1,0,45.5,0,0,C124,2,0.0,7
333,0,1,0,38.0,0,1,C91,2,0.0,9
334,0,3,0,16.0,2,0,,2,0.0,5
335,1,1,1,,1,0,,2,3.0,9
336,0,3,0,,0,0,,2,0.0,2
337,0,1,0,29.0,1,0,C2,2,0.0,8
338,1,1,1,41.0,0,0,E40,1,2.0,9
339,1,3,0,45.0,0,0,,2,0.0,2
340,0,1,0,45.0,0,0,T,2,0.0,7
341,1,2,0,2.0,1,1,F2,2,1.0,6
342,1,1,1,24.0,3,2,C23 C25 C27,2,2.0,9
343,0,2,0,28.0,0,0,,2,0.0,4
344,0,2,0,25.0,0,0,,2,0.0,4
345,0,2,0,36.0,0,0,,2,0.0,4
346,1,2,1,24.0,0,0,F33,2,2.0,4
347,1,2,1,40.0,0,0,,2,2.0,4
348,1,3,1,,1,0,,2,3.0,5
349,1,3,0,3.0,1,1,,2,1.0,5
350,0,3,0,42.0,0,0,,2,0.0,3
351,0,3,0,23.0,0,0,,2,0.0,3
352,0,1,0,,0,0,C128,2,0.0,7
353,0,3,0,15.0,1,1,,1,0.0,0
354,0,3,0,25.0,1,0,,2,0.0,5
355,0,3,0,,0,0,,1,0.0,0
356,0,3,0,28.0,0,0,,2,0.0,3
357,1,1,1,22.0,0,1,E33,2,2.0,8
358,0,2,1,38.0,0,0,,2,2.0,4
359,1,3,1,,0,0,,3,2.0,2
360,1,3,1,,0,0,,3,2.0,2
361,0,3,0,40.0,1,4,,2,0.0,7
362,0,2,0,29.0,1,0,,1,0.0,7
363,0,3,1,45.0,0,1,,1,3.0,4
364,0,3,0,35.0,0,0,,2,0.0,0
365,0,3,0,,1,0,,3,0.0,5
366,0,3,0,30.0,0,0,,2,0.0,0
367,1,1,1,60.0,1,0,D37,1,3.0,8
368,1,3,1,,0,0,,1,3.0,0
369,1,3,1,,0,0,,3,2.0,1
370,1,1,1,24.0,0,0,B35,1,4.0,8
371,1,1,0,25.0,1,0,E50,1,0.0,8
372,0,3,0,18.0,1,0,,2,0.0,0
373,0,3,0,19.0,0,0,,2,0.0,2
374,0,1,0,22.0,0,0,,1,0.0,9
375,0,3,1,3.0,3,1,,2,2.0,5
376,1,1,1,,1,0,,1,3.0,9
377,1,3,1,22.0,0,0,,2,2.0,0
378,0,1,0,27.0,0,2,C82,1,0.0,9
379,0,3,0,20.0,0,0,,1,0.0,0
380,0,3,0,19.0,0,0,,2,0.0,1
381,1,1,1,42.0,0,0,,1,2.0,9
382,1,3,1,1.0,0,2,,1,2.0,5
383,0,3,0,32.0,0,0,,2,0.0,2
384,1,1,1,35.0,1,0,,2,3.0,8
385,0,3,0,,0,0,,2,0.0,2
386,0,2,0,18.0,0,0,,2,0.0,8
387,0,3,0,1.0,5,2,,2,1.0,8
388,1,2,1,36.0,0,0,,2,2.0,4
389,0,3,0,,0,0,,3,0.0,1
390,1,2,1,17.0,0,0,,1,2.0,4
391,1,1,0,36.0,1,2,B96 B98,2,0.0,9
392,1,3,0,21.0,0,0,,2,0.0,1
393,0,3,0,28.0,2,0,,2,0.0,2
394,1,1,1,23.0,1,0,D36,1,2.0,9
395,1,3,1,24.0,0,2,G6,2,3.0,5
396,0,3,0,22.0,0,0,,2,0.0,1
397,0,3,1,31.0,0,0,,2,2.0,1
398,0,2,0,46.0,0,0,,2,0.0,6
399,0,2,0,23.0,0,0,,2,1.0,3
400,1,2,1,28.0,0,0,,2,3.0,4
401,1,3,0,39.0,0,0,,2,0.0,2
402,0,3,0,26.0,0,0,,2,0.0,2
403,0,3,1,21.0,1,0,,2,2.0,3
404,0,3,0,28.0,1,0,,2,0.0,5
405,0,3,1,20.0,0,0,,2,2.0,3
406,0,2,0,34.0,1,0,,2,0.0,5
407,0,3,0,51.0,0,0,,2,0.0,1
408,1,2,0,3.0,1,1,,2,1.0,5
409,0,3,0,21.0,0,0,,2,0.0,1
410,0,3,1,,3,1,,2,2.0,6
411,0,3,0,,0,0,,2,0.0,2
412,0,3,0,,0,0,,3,0.0,0
413,1,1,1,33.0,1,0,C78,3,2.0,9
414,0,2,0,,0,0,,2,0.0,0
415,1,3,0,44.0,0,0,,2,0.0,2
416,0,3,1,,0,0,,2,3.0,2
417,1,2,1,34.0,1,1,,2,3.0,7
418,1,2,1,18.0,0,2,,2,2.0,4
419,0,2,0,30.0,0,0,,2,0.0,4
420,0,3,1,10.0,0,2,,2,2.0,6
421,0,3,0,,0,0,,1,0.0,2
422,0,3,0,21.0,0,0,,3,0.0,1
423,0,3,0,29.0,0,0,,2,0.0,2
424,0,3,1,28.0,1,1,,2,3.0,4
425,0,3,0,18.0,1,1,,2,0.0,5
426,0,3,0,,0,0,,2,0.0,0
427,1,2,1,28.0,1,0,,2,3.0,6
428,1,2,1,19.0,0,0,,2,2.0,6
429,0,3,0,,0,0,,3,0.0,1
430,1,3,0,32.0,0,0,E10,2,0.0,2
431,1,1,0,28.0,0,0,C52,2,0.0,6
432,1,3,1,,1,0,,2,3.0,5
433,1,2,1,42.0,1,0,,2,3.0,6
434,0,3,0,17.0,0,0,,2,0.0,0
435,0,1,0,50.0,1,0,E44,2,0.0,8
436,1,1,1,14.0,1,2,B96 B98,2,2.0,9
437,0,3,1,21.0,2,2,,2,2.0,7
438,1,2,1,24.0,2,3,,2,3.0,5
439,0,1,0,64.0,1,4,C23 C25 C27,2,0.0,9
440,0,2,0,31.0,0,0,,2,0.0,3
441,1,2,1,45.0,1,1,,2,3.0,6
442,0,3,0,20.0,0,0,,2,0.0,3
443,0,3,0,25.0,1,0,,2,0.0,1
444,1,2,1,28.0,0,0,,2,3.0,4
445,1,3,0,,0,0,,2,0.0,3
446,1,1,0,4.0,0,2,A34,2,1.0,9
447,1,2,1,13.0,0,1,,2,2.0,5
448,1,1,0,34.0,0,0,,2,0.0,6
449,1,3,1,5.0,2,1,,1,2.0,5
450,1,1,0,52.0,0,0,C104,2,1.0,7
451,0,2,0,36.0,1,2,,2,0.0,7
452,0,3,0,,1,0,,2,0.0,5
453,0,1,0,30.0,0,0,C111,1,0.0,7
454,1,1,0,49.0,1,0,C92,1,0.0,9
455,0,3,0,,0,0,,2,0.0,2
456,1,3,0,29.0,0,0,,1,0.0,2
457,0,1,0,65.0,0,0,E38,2,0.0,6
458,1,1,1,,1,0,D21,2,3.0,8
459,1,2,1,50.0,0,0,,2,2.0,3
460,0,3,0,,0,0,,3,0.0,1
461,1,1,0,48.0,0,0,E12,2,0.0,6
462,0,3,0,34.0,0,0,,2,0.0,2
463,0,1,0,47.0,0,0,E63,2,0.0,7
464,0,2,0,48.0,0,0,,2,0.0,4
465,0,3,0,,0,0,,2,0.0,2
466,0,3,0,38.0,0,0,,2,0.0,0
467,0,2,0,,0,0,,2,0.0,0
468,0,1,0,56.0,0,0,,2,0.0,6
469,0,3,0,,0,0,,3,0.0,1
470,1,3,1,0.75,2,1,,1,2.0,5
471,0,3,0,,0,0,,2,0.0,0
472,0,3,0,38.0,0,0,,2,0.0,3
473,1,2,1,33.0,1,2,,2,3.0,7
474,1,2,1,23.0,0,0,D,1,3.0,4
475,0,3,1,22.0,0,0,,2,2.0,3
476,0,1,0,,0,0,A14,2,0.0,8
477,0,2,0,34.0,1,0,,2,0.0,5
478,0,3,0,29.0,1,0,,2,0.0,0
479,0,3,0,22.0,0,0,,2,0.0,0
480,1,3,1,2.0,0,1,,2,2.0,4
481,0,3,0,9.0,5,2,,2,1.0,8
482,0,2,0,,0,0,,2,0.0,0
483,0,3,0,50.0,0,0,,2,0.0,2
484,1,3,1,63.0,0,0,,2,3.0,3
485,1,1,0,25.0,1,0,B49,1,0.0,9
486,0,3,1,,3,1,,2,2.0,6
487,1,1,1,35.0,1,0,C93,2,3.0,9
488,0,1,0,58.0,0,0,B37,1,0.0,7
489,0,3,0,30.0,0,0,,2,0.0,2
490,1,3,0,9.0,1,1,,2,1.0,5
491,0,3,0,,1,0,,2,0.0,5
492,0,3,0,21.0,0,0,,2,0.0,0
493,0,1,0,55.0,0,0,C30,2,0.0,7
494,0,1,0,71.0,0,0,,1,0.0,8
495,0,3,0,21.0,0,0,,2,0.0,2
496,0,3,0,,0,0,,1,0.0,5
497,1,1,1,54.0,1,0,D20,1,2.0,9
498,0,3,0,,0,0,,2,0.0,5
499,0,1,1,25.0,1,2,C22 C26,2,3.0,9
500,0,3,0,24.0,0,0,,2,0.0,1
501,0,3,0,17.0,0,0,,2,0.0,3
502,0,3,1,21.0,0,0,,3,2.0,1
503,0,3,1,,0,0,,3,2.0,1
504,0,3,1,37.0,0,0,,2,2.0,3
505,1,1,1,16.0,0,0,B79,2,2.0,9
506,0,1,0,18.0,1,0,C65,1,0.0,9
507,1,2,1,33.0,0,2,,2,3.0,6
508,1,1,0,,0,0,,2,0.0,6
509,0,3,0,28.0,0,0,,2,0.0,6
510,1,3,0,26.0,0,0,,2,0.0,8
511,1,3,0,29.0,0,0,,3,0.0,1
512,0,3,0,,0,0,,2,0.0,2
513,1,1,0,36.0,0,0,E25,2,0.0,6
514,1,1,1,54.0,1,0,,1,3.0,8
515,0,3,0,24.0,0,0,,2,0.0,0
516,0,1,0,47.0,0,0,D46,2,0.0,7
517,1,2,1,34.0,0,0,F33,2,3.0,3
518,0,3,0,,0,0,,3,0.0,6
519,1,2,1,36.0,1,0,,2,3.0,6
520,0,3,0,32.0,0,0,,2,0.0,2
521,1,1,1,30.0,0,0,B73,2,2.0,9
522,0,3,0,22.0,0,0,,2,0.0,2
523,0,3,0,,0,0,,1,0.0,0
524,1,1,1,44.0,0,1,B18,1,3.0,8
525,0,3,0,,0,0,,1,0.0,0
526,0,3,0,40.5,0,0,,3,0.0,1
527,1,2,1,50.0,0,0,,2,2.0,3
528,0,1,0,,0,0,C95,2,0.0,9
529,0,3,0,39.0,0,0,,2,0.0,2
530,0,2,0,23.0,2,1,,2,0.0,4
531,1,2,1,2.0,1,1,,2,2.0,6
532,0,3,0,,0,0,,1,0.0,0
533,0,3,0,17.0,1,1,,1,0.0,0
534,1,3,1,,0,2,,1,3.0,6
535,0,3,1,30.0,0,0,,2,2.0,3
536,1,2,1,7.0,0,2,,2,2.0,6
537,0,1,0,45.0,0,0,B38,2,1.0,6
538,1,1,1,30.0,0,0,,1,2.0,9
539,0,3,0,,0,0,,2,0.0,5
540,1,1,1,22.0,0,2,B39,1,2.0,8
541,1,1,1,36.0,0,2,B22,2,2.0,8
542,0,3,1,9.0,4,2,,2,2.0,7
543,0,3,1,11.0,4,2,,2,2.0,7
544,1,2,0,32.0,1,0,,2,0.0,6
545,0,1,0,50.0,1,0,C86,1,0.0,9
546,0,1,0,64.0,0,0,,2,0.0,6
547,1,2,1,19.0,1,0,,2,3.0,6
548,1,2,0,,0,0,,1,0.0,4
549,0,3,0,33.0,1,1,,2,0.0,5
550,1,2,0,8.0,1,1,,2,1.0,7
551,1,1,0,17.0,0,2,C70,1,0.0,9
552,0,2,0,27.0,0,0,,2,0.0,6
553,0,3,0,,0,0,,3,0.0,1
554,1,3,0,22.0,0,0,,1,0.0,0
555,1,3,1,22.0,0,0,,2,2.0,1
556,0,1,0,62.0,0,0,,2,0.0,6
557,1,1,1,48.0,1,0,A16,1,3.0,7
558,0,1,0,,0,0,,1,0.0,9
559,1,1,1,39.0,1,1,E67,2,3.0,9
560,1,3,1,36.0,1,0,,2,3.0,5
561,0,3,0,,0,0,,3,0.0,1
562,0,3,0,40.0,0,0,,2,0.0,2
563,0,2,0,28.0,0,0,,2,0.0,4
564,0,3,0,,0,0,,2,0.0,2
565,0,3,1,,0,0,,2,2.0,2
566,0,3,0,24.0,2,0,,2,0.0,6
567,0,3,0,19.0,0,0,,2,0.0,2
568,0,3,1,29.0,0,4,,2,3.0,5
569,0,3,0,,0,0,,1,0.0,0
570,1,3,0,32.0,0,0,,2,0.0,1
571,1,2,0,62.0,0,0,,2,0.0,3
572,1,1,1,53.0,2,0,C101,2,3.0,8
573,1,1,0,36.0,0,0,E25,2,0.0,6
574,1,3,1,,0,0,,3,2.0,1
575,0,3,0,16.0,0,0,,2,0.0,2
576,0,3,0,19.0,0,0,,2,0.0,5
577,1,2,1,34.0,0,0,,2,2.0,4
578,1,1,1,39.0,1,0,E44,2,3.0,8
579,0,3,1,,1,0,,1,3.0,5
580,1,3,0,32.0,0,0,,2,0.0,2
581,1,2,1,25.0,1,1,,2,2.0,7
582,1,1,1,39.0,1,1,C68,1,3.0,9
583,0,2,0,54.0,0,0,,2,0.0,6
584,0,1,0,36.0,0,0,A10,1,0.0,8
585,0,3,0,,0,0,,1,0.0,3
586,1,1,1,18.0,0,2,E68,2,2.0,9
587,0,2,0,47.0,0,0,,2,0.0,5
588,1,1,0,60.0,1,1,B41,1,0.0,9
589,0,3,0,22.0,0,0,,2,0.0,2
590,0,3,0,,0,0,,2,0.0,2
591,0,3,0,35.0,0,0,,2,0.0,0
592,1,1,1,52.0,1,0,D20,1,3.0,9
593,0,3,0,47.0,0,0,,2,0.0,0
594,0,3,1,,0,2,,3,2.0,1
595,0,2,0,37.0,1,0,,2,0.0,6
596,0,3,0,36.0,1,1,,2,0.0,6
597,1,2,1,,0,0,,2,2.0,7
598,0,3,0,49.0,0,0,,2,0.0,0
599,0,3,0,,0,0,,1,0.0,0
600,1,1,0,49.0,1,0,A20,1,1.0,8
601,1,2,1,24.0,2,1,,2,3.0,6
602,0,3,0,,0,0,,2,0.0,2
603,0,1,0,,0,0,,2,0.0,8
604,0,3,0,44.0,0,0,,2,0.0,2
605,1,1,0,35.0,0,0,,1,0.0,6
606,0,3,0,36.0,1,0,,2,0.0,5
607,0,3,0,30.0,0,0,,2,0.0,2
608,1,1,0,27.0,0,0,,2,0.0,7
609,1,2,1,22.0,1,2,,1,3.0,8
610,1,1,1,40.0,0,0,C125,2,2.0,9
611,0,3,1,39.0,1,5,,2,3.0,7
612,0,3,0,,0,0,,2,0.0,0
613,1,3,1,,1,0,,3,2.0,5
614,0,3,0,,0,0,,3,0.0,1
615,0,3,0,35.0,0,0,,2,0.0,2
616,1,2,1,24.0,1,2,,2,2.0,8
617,0,3,0,34.0,1,1,,2,0.0,4
618,0,3,1,26.0,1,0,,2,3.0,5
619,1,2,1,4.0,2,1,F4,2,2.0,7
620,0,2,0,26.0,0,0,,2,0.0,3
621,0,3,0,27.0,1,0,,1,0.0,4
622,1,1,0,42.0,1,0,D19,2,0.0,8
623,1,3,0,20.0,1,1,,1,0.0,5
624,0,3,0,21.0,0,0,,2,0.0,1
625,0,3,0,21.0,0,0,,2,0.0,5
626,0,1,0,61.0,0,0,D50,2,0.0,7
627,0,2,0,57.0,0,0,,3,4.0,4
628,1,1,1,21.0,0,0,D9,2,2.0,8
629,0,3,0,26.0,0,0,,2,0.0,2
630,0,3,0,,0,0,,3,0.0,1
631,1,1,0,80.0,0,0,A23,2,0.0,7
632,0,3,0,51.0,0,0,,2,0.0,0
633,1,1,0,32.0,0,0,B50,1,1.0,7
634,0,1,0,,0,0,,2,0.0,0
635,0,3,1,9.0,3,2,,2,2.0,7
636,1,2,1,28.0,0,0,,2,2.0,4
637,0,3,0,32.0,0,0,,2,0.0,2
638,0,2,0,31.0,1,1,,2,0.0,6
639,0,3,1,41.0,0,5,,2,3.0,7
640,0,3,0,,1,0,,2,0.0,5
641,0,3,0,20.0,0,0,,2,0.0,1
642,1,1,1,24.0,0,0,B35,1,4.0,8
643,0,3,1,2.0,3,2,,2,2.0,7
644,1,3,0,,0,0,,2,0.0,8
645,1,3,1,0.75,2,1,,1,2.0,5
646,1,1,0,48.0,1,0,D33,1,0.0,8
647,0,3,0,19.0,0,0,,2,0.0,2
648,1,1,0,56.0,0,0,A26,1,4.0,7
649,0,3,0,,0,0,,2,0.0,0
650,1,3,1,23.0,0,0,,2,2.0,0
651,0,3,0,,0,0,,2,0.0,2
652,1,2,1,18.0,0,1,,2,2.0,6
653,0,3,0,21.0,0,0,,2,0.0,3
654,1,3,1,,0,0,,3,2.0,1
655,0,3,1,18.0,0,0,,3,2.0,0
656,0,2,0,24.0,2,0,,2,0.0,8
657,0,3,0,,0,0,,2,0.0,2
658,0,3,1,32.0,1,1,,3,3.0,5
659,0,2,0,23.0,0,0,,2,0.0,4
660,0,1,0,58.0,0,2,D48,1,0.0,9
661,1,1,0,50.0,2,0,,2,1.0,9
662,0,3,0,40.0,0,0,,1,0.0,0
663,0,1,0,47.0,0,0,E58,2,0.0,6
664,0,3,0,36.0,0,0,,2,0.0,0
665,1,3,0,20.0,1,0,,2,0.0,2
666,0,2,0,32.0,2,0,,2,0.0,8
667,0,2,0,25.0,0,0,,2,0.0,4
668,0,3,0,,0,0,,2,0.0,1
669,0,3,0,43.0,0,0,,2,0.0,2
670,1,1,1,,1,0,C126,2,3.0,8
671,1,2,1,40.0,1,1,,2,3.0,7
672,0,1,0,31.0,1,0,B71,2,0.0,8
673,0,2,0,70.0,0,0,,2,0.0,3
674,1,2,0,31.0,0,0,,2,0.0,4
675,0,2,0,,0,0,,2,0.0,0
676,0,3,0,18.0,0,0,,2,0.0,1
677,0,3,0,24.5,0,0,,2,0.0,2
678,1,3,1,18.0,0,0,,2,2.0,3
679,0,3,1,43.0,1,6,,2,3.0,8
680,1,1,0,36.0,0,1,B51 B53 B55,1,0.0,9
681,0,3,1,,0,0,,3,2.0,3
682,1,1,0,27.0,0,0,D49,1,0.0,8
683,0,3,0,20.0,0,0,,2,0.0,3
684,0,3,0,14.0,5,2,,2,0.0,8
685,0,2,0,60.0,1,1,,2,0.0,7
686,0,2,0,25.0,1,2,,1,0.0,8
687,0,3,0,14.0,4,1,,2,0.0,7
688,0,3,0,19.0,0,0,,2,0.0,3
689,0,3,0,18.0,0,0,,2,0.0,1
690,1,1,1,15.0,0,1,B5,2,2.0,9
691,1,1,0,31.0,1,0,B20,2,0.0,8
692,1,3,1,4.0,0,1,,1,2.0,4
693,1,3,0,,0,0,,2,0.0,8
694,0,3,0,25.0,0,0,,1,0.0,0
695,0,1,0,60.0,0,0,,2,4.0,6
696,0,2,0,52.0,0,0,,2,0.0,4
697,0,3,0,44.0,0,0,,2,0.0,2
698,1,3,1,,0,0,,3,2.0,1
699,0,1,0,49.0,1,1,C68,1,0.0,9
700,0,3,0,42.0,0,0,F G63,2,0.0,1
701,1,1,1,18.0,1,0,C62 C64,1,3.0,9
702,1,1,0,35.0,0,0,E24,2,0.0,6
703,0,3,1,18.0,0,1,,1,2.0,4
704,0,3,0,25.0,0,0,,3,0.0,1
705,0,3,0,26.0,1,0,,2,0.0,1
706,0,2,0,39.0,0,0,,2,0.0,6
707,1,2,1,45.0,0,0,,2,3.0,4
708,1,1,0,42.0,0,0,E24,2,0.0,6
709,1,1,1,22.0,0,0,,2,2.0,9
710,1,3,0,,1,1,,1,1.0,5
711,1,1,1,24.0,0,0,C90,1,4.0,8
712,0,1,0,,0,0,C124,2,0.0,6
713,1,1,0,48.0,1,0,C126,2,0.0,8
714,0,3,0,29.0,0,0,,2,0.0,3
715,0,2,0,52.0,0,0,,2,0.0,4
716,0,3,0,19.0,0,0,F G73,2,0.0,1
717,1,1,1,38.0,0,0,C45,1,2.0,9
718,1,2,1,27.0,0,0,E101,2,2.0,3
719,0,3,0,,0,0,,3,0.0,5
720,0,3,0,33.0,0,0,,2,0.0,1
721,1,2,1,6.0,0,1,,2,2.0,7
722,0,3,0,17.0,1,0,,2,0.0,0
723,0,2,0,34.0,0,0,,2,0.0,4
724,0,2,0,50.0,0,0,,2,0.0,4
725,1,1,0,27.0,1,0,E8,2,0.0,8
726,0,3,0,20.0,0,0,,2,0.0,3
727,1,2,1,30.0,3,0,,2,3.0,5
728,1,3,1,,0,0,,3,2.0,1
729,0,2,0,25.0,1,0,,2,0.0,6
730,0,3,1,25.0,1,0,,2,2.0,2
731,1,1,1,29.0,0,0,B5,2,2.0,9
732,0,3,0,11.0,0,0,,1,0.0,5
733,0,2,0,,0,0,,2,0.0,0
734,0,2,0,23.0,0,0,,2,0.0,4
735,0,2,0,23.0,0,0,,2,0.0,4
736,0,3,0,28.5,0,0,,2,0.0,5
737,0,3,1,48.0,1,3,,2,3.0,7
738,1,1,0,35.0,0,0,B101,1,0.0,9
739,0,3,0,,0,0,,2,0.0,2
740,0,3,0,,0,0,,2,0.0,2
741,1,1,0,,0,0,D45,2,0.0,7
742,0,1,0,36.0,1,0,C46,2,0.0,9
743,1,1,1,21.0,2,2,B57 B59 B63 B66,1,2.0,9
744,0,3,0,24.0,1,0,,2,0.0,5
745,1,3,0,31.0,0,0,,2,0.0,2
746,0,1,0,70.0,1,1,B22,2,4.0,8
747,0,3,0,16.0,1,1,,2,0.0,5
748,1,2,1,30.0,0,0,,2,2.0,4
749,0,1,0,19.0,1,0,D30,2,0.0,8
750,0,3,0,31.0,0,0,,3,0.0,1
751,1,2,1,4.0,1,1,,2,2.0,6
752,1,3,0,6.0,0,1,E121,2,1.0,4
753,0,3,0,33.0,0,0,,2,0.0,3
754,0,3,0,23.0,0,0,,2,0.0,2
755,1,2,1,48.0,1,2,,2,3.0,8
756,1,2,0,0.67,1,1,,2,1.0,5
757,0,3,0,28.0,0,0,,2,0.0,1
758,0,2,0,18.0,0,0,,2,0.0,4
759,0,3,0,34.0,0,0,,2,0.0,2
760,1,1,1,33.0,0,0,B77,2,4.0,9
761,0,3,0,,0,0,,2,0.0,5
762,0,3,0,41.0,0,0,,2,0.0,0
763,1,3,0,20.0,0,0,,1,0.0,0
764,1,1,1,36.0,1,2,B96 B98,2,3.0,9
765,0,3,0,16.0,0,0,,2,0.0,1
766,1,1,1,51.0,1,0,D11,2,3.0,8
767,0,1,0,,0,0,,1,1.0,7
768,0,3,1,30.5,0,0,,3,2.0,1
769,0,3,0,,1,0,,3,0.0,6
770,0,3,0,32.0,0,0,,2,0.0,3
771,0,3,0,24.0,0,0,,2,0.0,3
772,0,3,0,48.0,0,0,,2,0.0,1
773,0,2,1,57.0,0,0,E77,2,3.0,3
774,0,3,0,,0,0,,1,0.0,0
775,1,2,1,54.0,1,3,,2,3.0,6
776,0,3,0,18.0,0,0,,2,0.0,1
777,0,3,0,,0,0,F38,3,0.0,1
778,1,3,1,5.0,0,0,,2,2.0,4
779,0,3,0,,0,0,,3,0.0,1
780,1,1,1,43.0,0,1,B3,2,3.0,9
781,1,3,1,13.0,0,0,,1,2.0,0
782,1,1,1,17.0,1,0,B20,2,3.0,8
783,0,1,0,29.0,0,0,D6,2,0.0,7
784,0,3,0,,1,2,,2,0.0,6
785,0,3,0,25.0,0,0,,2,0.0,0
786,0,3,0,25.0,0,0,,2,0.0,0
787,1,3,1,18.0,0,0,,2,2.0,0
788,0,3,0,8.0,4,1,,3,1.0,7
789,1,3,0,1.0,1,2,,2,1.0,5
790,0,1,0,46.0,0,0,B82 B84,1,0.0,9
791,0,3,0,,0,0,,3,0.0,1
792,0,2,0,16.0,0,0,,2,0.0,6
793,0,3,1,,5,2,,2,2.0,8
794,0,1,0,,0,0,,1,0.0,7
795,0,3,0,25.0,0,0,,2,0.0,2
796,0,2,0,39.0,0,0,,2,0.0,4
797,1,1,1,49.0,0,0,D17,2,1.0,6
798,1,3,1,31.0,0,0,,2,3.0,3
799,0,3,0,30.0,0,0,,1,0.0,0
800,0,3,1,30.0,1,1,,2,3.0,6
801,0,2,0,34.0,0,0,,2,0.0,4
802,1,2,1,31.0,1,1,,2,3.0,6
803,1,1,0,11.0,1,2,B96 B98,2,1.0,9
804,1,3,0,0.42,0,1,,1,1.0,3
805,1,3,0,27.0,0,0,,2,0.0,0
806,0,3,0,31.0,0,0,,2,0.0,1
807,0,1,0,39.0,0,0,A36,2,0.0,0
808,0,3,1,18.0,0,0,,2,2.0,1
809,0,2,0,39.0,0,0,,2,0.0,4
810,1,1,1,33.0,1,0,E8,2,3.0,8
811,0,3,0,26.0,0,0,,2,0.0,2
812,0,3,0,39.0,0,0,,2,0.0,6
813,0,2,0,35.0,0,0,,2,0.0,3
814,0,3,1,6.0,4,2,,2,2.0,7
815,0,3,0,30.5,0,0,,2,0.0,2
816,0,1,0,,0,0,B102,2,0.0,0
817,0,3,1,23.0,0,0,,2,2.0,2
818,0,2,0,31.0,1,1,,1,0.0,7
819,0,3,0,43.0,0,0,,2,0.0,0
820,0,3,0,10.0,3,2,,2,1.0,7
821,1,1,1,52.0,1,1,B69,2,3.0,9
822,1,3,0,27.0,0,0,,2,0.0,3
823,0,1,0,38.0,0,0,,2,4.0,0
824,1,3,1,27.0,0,1,E121,2,3.0,4
825,0,3,0,2.0,4,1,,2,1.0,7
826,0,3,0,,0,0,,3,0.0,0
827,0,3,0,,0,0,,2,0.0,8
828,1,2,0,1.0,0,2,,1,1.0,7
829,1,3,0,,0,0,,3,0.0,1
830,1,1,1,62.0,0,0,B28,2,3.0,9
831,1,3,1,15.0,1,0,,1,3.0,4
832,1,2,0,0.83,1,1,,2,1.0,5
833,0,3,0,,0,0,,1,0.0,0
834,0,3,0,23.0,0,0,,2,0.0,1
835,0,3,0,18.0,0,0,,2,0.0,3
836,1,1,1,39.0,1,1,E49,1,2.0,9
837,0,3,0,21.0,0,0,,2,0.0,3
838,0,3,0,,0,0,,2,0.0,2
839,1,3,0,32.0,0,0,,2,0.0,8
840,1,1,0,,0,0,C47,1,0.0,7
841,0,3,0,20.0,0,0,,2,0.0,2
842,0,2,0,16.0,0,0,,2,0.0,3
843,1,1,1,30.0,0,0,,1,2.0,7
844,0,3,0,34.5,0,0,,1,0.0,0
845,0,3,0,17.0,0,0,,2,0.0,3
846,0,3,0,42.0,0,0,,2,0.0,0
847,0,3,0,,5,2,,2,0.0,8
848,0,3,0,35.0,0,0,,1,0.0,2
849,0,2,0,28.0,0,1,,2,4.0,7
850,1,1,1,,1,0,C92,1,3.0,9
851,0,3,0,4.0,4,2,,2,1.0,7
852,0,3,0,74.0,0,0,,2,0.0,1
853,0,3,1,9.0,1,1,,1,2.0,5
854,1,1,1,16.0,0,1,D28,2,2.0,7
855,0,2,1,44.0,1,0,,2,3.0,6
856,1,3,1,18.0,0,1,,2,3.0,3
857,1,1,1,45.0,1,1,,2,3.0,9
858,1,1,0,51.0,0,0,E17,2,0.0,6
859,1,3,1,24.0,0,3,,1,3.0,5
860,0,3,0,,0,0,,1,0.0,0
861,0,3,0,41.0,2,0,,2,0.0,4
862,0,2,0,21.0,1,0,,2,0.0,4
863,1,1,1,48.0,0,0,D17,2,3.0,6
864,0,3,1,,5,2,,2,2.0,8
865,0,2,0,24.0,0,0,,2,0.0,4
866,1,2,1,42.0,0,0,,2,3.0,4
867,1,2,1,27.0,1,0,,1,2.0,4
868,0,1,0,31.0,0,0,A24,2,0.0,8
869,0,3,0,,0,0,,2,0.0,3
870,1,3,0,4.0,1,1,,2,1.0,4
871,0,3,0,26.0,0,0,,2,0.0,2
872,1,1,1,47.0,1,1,D35,2,3.0,8
873,0,1,0,33.0,0,0,B51 B53 B55,2,0.0,0
874,0,3,0,47.0,0,0,,2,0.0,3
875,1,2,1,28.0,1,0,,1,3.0,6
876,1,3,1,15.0,0,0,,1,2.0,0
877,0,3,0,20.0,0,0,,2,0.0,3
878,0,3,0,19.0,0,0,,2,0.0,2
879,0,3,0,,0,0,,2,0.0,2
880,1,1,1,56.0,0,1,C50,1,3.0,9
881,1,2,1,25.0,0,1,,2,3.0,6
882,0,3,0,33.0,0,0,,2,0.0,2
883,0,3,1,22.0,0,0,,2,2.0,4
884,0,2,0,28.0,0,0,,2,0.0,3
885,0,3,0,25.0,0,0,,2,0.0,0
886,0,3,1,39.0,0,5,,3,3.0,7
887,0,2,0,27.0,0,0,,2,4.0,4
888,1,1,1,19.0,0,0,B42,2,2.0,7
889,0,3,1,,1,2,,2,2.0,6
890,1,1,0,26.0,0,0,C148,1,0.0,7
891,0,3,0,32.0,0,0,,3,0.0,1
